<?xml version="1.0" encoding="UTF-8"?>
<project-private xmlns="http://www.netbeans.org/ns/project-private/1">
    <editor-bookmarks xmlns="http://www.netbeans.org/ns/editor-bookmarks/2" lastBookmarkId="0"/>
    <open-files xmlns="http://www.netbeans.org/ns/projectui-open-files/2">
        <group>
            <file>file:/D:/Java-netbeans/Project/BloodBankFinal/src/mainWindows/loginFailedWindow.java</file>
            <file>file:/D:/Java-netbeans/Project/BloodBankFinal/src/mainWindows/memberDetail.java</file>
            <file>file:/D:/Java-netbeans/Project/BloodBankFinal/src/bloodbankfinal/BloodBankFinal.java</file>
            <file>file:/D:/Java-netbeans/Project/BloodBankFinal/src/mainWindows/updateWindow.java</file>
            <file>file:/D:/Java-netbeans/Project/BloodBankFinal/src/bloodbankfinal/serverConnector.java</file>
            <file>file:/D:/Java-netbeans/Project/BloodBankFinal/src/mainWindows/signupWindow.java</file>
        </group>
    </open-files>
</project-private>
